<?xml version="1.0" encoding="UTF-8" ?>
<beans xmlns="http://www.springframework.org/schema/beans"
       xmlns:xsi="http://www.w3.org/2001/XMLSchema-instance"
       xmlns:context="http://www.springframework.org/schema/context"
       xmlns:mvc="http://www.springframework.org/schema/mvc"
       xsi:schemaLocation="http://www.springframework.org/schema/beans
            http://www.springframework.org/schema/beans/spring-beans.xsd
            http://www.springframework.org/schema/context
            http://www.springframework.org/schema/context/spring-context.xsd
            http://www.springframework.org/schema/mvc
            http://www.springframework.org/schema/mvc/spring-mvc-3.2.xsd">

    <!--  配置SpringMVC  -->
    <!--  1.开启SpringMVC注解模式  -->
    <!--  简化配置：
            (1)自动注册DefaultAnootationHandlerMapping,AnotationMethodHandlerAdapter
            (2)提供一些列：数据绑定，数字和日期的format @NumberFormat, @DateTimeFormat, xml,json默认读写支持
    -->
    <mvc:annotation-driven/>

    <!-- 2.静态资源默认servlet配置
            (1)加入对静态资源的处理：js,gif,png
            (2)允许使用"/"做整体映射
    -->
    <mvc:resources mapping="/resources/**" location="/resources/"/>
    <mvc:default-servlet-handler/>

    <!--  3.定义视图解析器  -->
    <bean id="viewResolver" class="org.springframework.web.servlet.view.InternalResourceViewResolver">
        <property name="prefix" value="/WEB-INF/html/"/>
        <property name="suffix" value=".html"/>
    </bean>

    <!-- 文件上传解析器 -->
    <!--<bean id="multipartResolver" class="org.springframework.web.multipart.commons.CommonsMultipartResolver">-->
        <!--<property name="defaultEncoding" value="utf-8"/>-->
        <!--&lt;!&ndash; 1024*1024*20=20M &ndash;&gt;-->
        <!--<property name="maxUploadSize" value="20971520"/>-->
        <!--<property name="maxInMemorySize" value="20971520"/>-->
    <!--</bean>-->

    <!--  4.扫描web相关的bean  -->
    <context:component-scan base-package="com.cah.cahdmsp.controller"/>
</beans>