<?xml version="1.0" encoding="UTF-8" ?>
<!DOCTYPE mapper
        PUBLIC "-//mybatis.org//DTD Config 3.0//EN"
        "http://mybatis.org/dtd/mybatis-3-mapper.dtd">

<mapper namespace="com.cah.cahdmsp.dao.BuyerDao">

	<insert id="insertBuyerInfo" parameterType="Buyer">
		insert into tb_buyer(buyer_name, buyer_phone)
			values(#{buyerName},#{buyerPhone})
	</insert>
	<select id="queryAllBuyerInfo" resultType="Buyer">
		select * from tb_buyer order by buyer_id asc
	</select>
	<select id="queryBuyerInfoById" parameterType="Long" resultType="Buyer">
		select * from tb_buyer where buyer_id = #{buyerId}
	</select>
	<update id="updateBuyerInfoById">
		update tb_buyer set buyer_phone = #{buyerPhone} where buyer_id = #{buyerId}
	</update>
	<delete id="deleteBuyerInfoById" parameterType="Long">
		delete from tb_buyer where buyer_id = #{buyerId}
	</delete>
	<select id="queryDrugNumAboutBuyerById" parameterType="Long" resultType="Integer">
		select count(*) from tb_drug where buyer_id = #{buyerId}
	</select>
</mapper>