<?xml version="1.0" encoding="UTF-8" ?>
<!DOCTYPE mapper
        PUBLIC "-//mybatis.org//DTD Config 3.0//EN"
        "http://mybatis.org/dtd/mybatis-3-mapper.dtd">

<mapper namespace="com.cah.cahdmsp.dao.UserDao">
    <insert id="insertUserInfo" parameterType="User">
		insert into tb_user(user_name,pass_word,quan_xian) values
		(#{userName},#{passWord},#{quanXian})
	</insert>
    <delete id="deleteUserInfo" parameterType="String" >
		delete from tb_user where user_name = #{userName}
	</delete>
    <select id="queryAllUserInfo" resultType="User">
		select * from tb_user order by user_id asc
	</select>
	<select id="queryUserInfoByName" parameterType="String" resultType="User">
		select * from tb_user where user_name = #{userName}
	</select>
</mapper>